COD. RA,RA,ID EQUIP,ENDEREÇO,TIPO,LATITUDE ,LONGITUDE
01,BRASILIA,KR007,EIXO W SUL ALT SQS 110 PROXIMO AO BLOCO J SENTIDOÿNORTE/SUL<,CONTROLADOR ELETRÔNICO,-15.821990499437971,-47.90887905976896
01,BRASILIA,KR008,EIXO W SUL ALT SQS 110 PROXIMO AO BLOCO J SENTIDO SUL/NORTE,CONTROLADOR ELETRÔNICO,-15.82263930325647,-47.90957188166789
01,BRASILIA,KR012,EIXO L SUL SQS 205 PROXIMO A DELEGACIA DA MULHER SENTIDO SUL/NORTE,CONTROLADOR ELETRÔNICO,-15.811858999998789,-47.89369800001996
01,BRASILIA,KR013,EIXO L SUL SQS 205 PROXIMO A DELEGACIA DA MULHER SENTIDO NORTE/SUL,CONTROLADOR ELETRÔNICO,-15.811573999998794,-47.89356600001996
01,BRASILIA,KR046,EIXO W NORTE EQN Q 102/103 SENT NORTE/SUL,CONTROLADOR ELETRÔNICO,-15.77974299999883,-47.88138500001953
01,BRASILIA,KR047,EIXO W NORTE EQN Q 102/103 SENT SUL/NORTE,CONTROLADOR ELETRÔNICO,-15.779990999998837,-47.88123600001952
01,BRASILIA,KR048,EIXO W NORTE Q 110 (SENT. NORTE/SUL),CONTROLADOR ELETRÔNICO,-15.756580999998828,-47.88664700001974
01,BRASILIA,KR049,EIXO W NORTE Q 110 (SENT. SUL/NORTE),CONTROLADOR ELETRÔNICO,-15.75655399999882,-47.88652800001973
01,BRASILIA,KR130,EIXO L NORTE QUADRA 202 SENTIDO NORTE/SUL,CONTROLADOR ELETRÔNICO,-15.782532999998828,-47.879935000019465
01,BRASILIA,KR131,EIXO L NORTE QUADRA 202 SENTIDO SUL/NORTE,CONTROLADOR ELETRÔNICO,-15.78254899999883,-47.879820000019464
01,BRASILIA,KR132,EIXO L SQN 210 (SENT NORTE/SUL),CONTROLADOR ELETRÔNICO,-15.755322999998821,-47.88569000001971
01,BRASILIA,KR133,EIXO L SQN 210 (SENT SUL/NORTE),CONTROLADOR ELETRÔNICO,-15.755286999998825,-47.8855690000197
01,BRASILIA,KR134,EIXO L NORTE SQN 206 SENT NORTE/SUL,CONTROLADOR ELETRÔNICO,-15.767855999998833,-47.88178800001955
01,BRASILIA,KR135,EIXO L NORTE SQN 206 SENT SUL/ NORTE,CONTROLADOR ELETRÔNICO,-15.767660999998826,-47.881702000019544
01,BRASILIA,KR136,EIXO L NORTE Q 214 PROX BLOCO H SENT NORTE/SUL,CONTROLADOR ELETRÔNICO,-15.742714999998817,-47.88973000001987
01,BRASILIA,KR137,EIXO L NORTE Q 214 PROX AO BLOCO H SENTIDO SUL / NORTE,CONTROLADOR ELETRÔNICO,-15.74324383318251,-47.88944826181159
01,BRASILIA,KR170,EIXO W SQS 103(SENT NORTE/SUL),CONTROLADOR ELETRÔNICO,-15.806656999998793,-47.89078200001986
01,BRASILIA,KR171,EIXO W SQS 103 (SENT SUL/NORTE),CONTROLADOR ELETRÔNICO,-15.806817999998795,-47.89076900001985
01,BRASILIA,KR174,EIXO W SUL ALTURA EQS 106/107 PROX AO CINE BRASILIA SENT NORTE/SUL,CONTROLADOR ELETRÔNICO,-15.814068999998776,-47.89817000002013
01,BRASILIA,KR175,EIXO W SUL ALTURA EQS 106/107 PROX AO CINE BRASILIA SENT SUL/NORTE,CONTROLADOR ELETRÔNICO,-15.81496999999877,-47.89910400002016
01,BRASILIA,KR176,EIXO W SUL ALTURA EQS 114/115 PROX AO MCDONALDS SENT NORTE/SUL,CONTROLADOR ELETRÔNICO,-15.829317999998713,-47.91900900002092
01,BRASILIA,KR177,EIXO W SUL ALTURA EQS 114/115 PROX AO MCDONALDS SUL/NORTE,CONTROLADOR ELETRÔNICO,-15.830631999998712,-47.920602000020985
01,BRASILIA,KR178,EIXO W SQN 106 (SENT NORTE/SUL) ,CONTROLADOR ELETRÔNICO,-15.768177999998825,-47.883064000019594
01,BRASILIA,KR179,EIXO W NORTE SQN 106 (SENT. SUL/NORTE),CONTROLADOR ELETRÔNICO,-15.768156999998828,-47.8829520000196
01,BRASILIA,KR180,W4 NORTE Q 711/911 PROXIMO A IGREJA DE JESUS CRISTO SENT SUL/NORTE,CONTROLADOR ELETRÔNICO,-15.756197999998804,-47.896493000020115
01,BRASILIA,KR182,W4 NORTE ALTURA DA HCGN 715 SENT SUL/NORTE,CONTROLADOR ELETRÔNICO,-15.744536442905591,-47.900239417922364
01,BRASILIA,KR183,W5 SGAN 904 (SENT NORTE/SUL),CONTROLADOR ELETRÔNICO,-15.776312999998797,-47.8915380000199
01,BRASILIA,KR184,SETOR POLICIAL SUL FRENTE QCG PM SENT. CRUZEIRO,CONTROLADOR ELETRÔNICO,-15.823542148812539,-47.93468271366843
01,BRASILIA,KR195,VIA N1 E. MONUM ALT SMU (SENT SHOPPING POPULAR),CONTROLADOR ELETRÔNICO,-15.781035999998732,-47.920516000021024
01,BRASILIA,KR203,VIA S1 E. MONUM CRUZ VELHO (SENT CONGRESSO),CONTROLADOR ELETRÔNICO,-15.778507999998691,-47.93445200002159
01,BRASILIA,KR205,EIXO L SQS 209 (SENT NORTE/SUL),CONTROLADOR ELETRÔNICO,-15.820338999998757,-47.90438500002035
01,BRASILIA,KR206,EIXO L SQS 209 (SENT SUL/NORTE),CONTROLADOR ELETRÔNICO,-15.820441999998751,-47.904332000020354
01,BRASILIA,KR224,VIA JK ENTRADA DA PONTE JK (SENT PLANO PILOTO/LAGO SUL),CONTROLADOR ELETRÔNICO,-15.819197999998936,-47.83284400001776
01,BRASILIA,KR234,L2 NORTE ALT SQN 411 SENTIDO NORTE/SUL,CONTROLADOR ELETRÔNICO,-15.750806224146604,-47.88090195303679
01,BRASILIA,KR235,L2 NORTE ALT SGAN 611 SENTIDO SUL/NORTE,CONTROLADOR ELETRÔNICO,-15.75083599999884,-47.88076700001952
01,BRASILIA,KR236,VIA TERMINAL NORTE 320m ANTES DO 2:CBM SENT DF003(EPIA)/W3 NORTE,CONTROLADOR ELETRÔNICO,-15.736919341868669,-47.90758606540107
01,BRASILIA,KR240,W4 NORTE HCGN 704 PROX BLOCO I SENT SUL/NORTE,CONTROLADOR ELETRÔNICO,-15.776533999998806,-47.89099500001988
01,BRASILIA,KR247,VIA N1 EIXO MONUM PROX PAVILHAO DAS METAS (MEC) SENT CONGRESSO/PAL DA ALVORADA,CONTROLADOR ELETRÔNICO,-15.801718999998887,-47.85454300001853
01,BRASILIA,KR248,VIA N1 EIXO MONUM A 130 DA ENTR DO 1º BAT DE INC(CBM) SENT PAL DA ALVORADA/CONG<,CONTROLADOR ELETRÔNICO,-15.801701999998892,-47.85426500001852
01,BRASILIA,KR249,VIA DE LIG L2-PONTE COSTA E SILVA A 70m DO VIAD. DA L3 SENT P. PILOTO/LAGO SUL,CONTROLADOR ELETRÔNICO,-15.814613275593942,-47.88153986358832
01,BRASILIA,KR260,EIXO L SUL SQS 202 PROX BL H SENT NORTE/SUL,CONTROLADOR ELETRÔNICO,-15.805396999998798,-47.887983000019744
01,BRASILIA,KR261,EIXO L SUL SQS 202 PROX BL L SENTIDO SUL/NORTE,CONTROLADOR ELETRÔNICO,-15.805694999998805,-47.88808200001975
01,BRASILIA,KR266,AV L3 NORTE Q 608 FRENTE POSTO BR DA UNB SENT NORTE/SUL,CONTROLADOR ELETRÔNICO,-15.761038999998847,-47.8749430000193
01,BRASILIA,KR267,AV L3 NORTE PROX A FINATEC SENT SUL/NORTE,CONTROLADOR ELETRÔNICO,-15.776367249979756,-47.87156771842445
01,BRASILIA,KR273,VIA JK SAIDA DA PONTE JK (SENT. PLANO PILOTO),CONTROLADOR ELETRÔNICO,-15.81924699999893,-47.83269600001775
01,BRASILIA,KR283,EIXO L SUL ALTURA SQS 212 PROXIMO A IGREJA UNIVERSAL SENT NORTE/SUL,CONTROLADOR ELETRÔNICO,-15.826647999998736,-47.913107000020695
01,BRASILIA,KR284,EIXO L SUL ALTURA SQS 212 PROXIMO A IGREJA UNIVERSAL SENT SUL/NORTE,CONTROLADOR ELETRÔNICO,-15.82822499999872,-47.91509000002077
01,BRASILIA,KR305,AVENIDA DO EXERCITO PROXIMO AO QG SENTIDO NORTE/SUL,CONTROLADOR ELETRÔNICO,-15.776477999998724,-47.92117800002105
01,BRASILIA,KR310,AVENIDA DOS EXERCITO PROXIMO AO QG SENTIDO SUL/ NORTE,CONTROLADOR ELETRÔNICO,-15.776790999998735,-47.921144000021044
01,BRASILIA,KR343,AVENIDA W3 SUL ALTURA DA SHIGS 711 SENTNORTE/SUL,CONTROLADOR ELETRÔNICO,-15.818316999998729,-47.91452900002076
01,BRASILIA,KR344,AVENIDA W3 SUL ALTURA DA SHIGS 713 SENTNORTE/SUL,CONTROLADOR ELETRÔNICO,-15.822208999998718,-47.91991400002096
01,BRASILIA,KR347,AV. W-3 NORTE ALT DA SCLRN 716 SENT SUL,CONTROLADOR ELETRÔNICO,-15.739730999998796,-47.89877600002021
01,BRASILIA,KR363,AV. W-7 NORTE SQNW 102 NOROESTE SENT. SUL/NORTE,CONTROLADOR ELETRÔNICO,-15.769240018192248,-47.907182058728104
01,BRASILIA,KR364,AV. W-7 NORTE SQNW 102 NOROESTE SENT. NORTE/SUL,CONTROLADOR ELETRÔNICO,-15.768988131775423,-47.9072642961393
01,BRASILIA,KR365,AV. W-7 NORTE SQNW 106 NOROESTE SENT. SUL/NORTE,CONTROLADOR ELETRÔNICO,-15.756560796417066,-47.90820658208995
01,BRASILIA,KR366,AV. W-7 NORTE SQNW 106 NOROESTE SENT. NORTE/SUL,CONTROLADOR ELETRÔNICO,-15.756362195170823,-47.90827851630017
01,BRASILIA,KR370,SETOR POLICIAL SUL EM FRENTE ABIN SENT. CRUZEIRO,CONTROLADOR ELETRÔNICO,-15.81763184152806,-47.937030660720126
01,BRASILIA,KR371,SETOR POLICIAL SUL FRENTE ABIN SENT. ASA SUL,CONTROLADOR ELETRÔNICO,-15.817666233530462,-47.937200823680854
01,BRASILIA,FIS054,VIA W3 SUL SHIGS 714 SENT. NORTE/SUL - CRUZ 073,NÃO METROLÓGICO,-15.823706496278314,-47.92197848174964
01,BRASILIA,FIS102,VIA W3 SUL SHIGS 712/713 SENT NORTE/SUL - CRUZ 403,NÃO METROLÓGICO,-15.821305999998716,-47.91868100002092
01,BRASILIA,FIS064,VIA W3 SUL CRS 513 SENT. SUL/NORTE - CRUZ 072,NÃO METROLÓGICO,-15.821871999998718,-47.91914600002092
01,BRASILIA,FIS050,VIA W3 SUL CRS 511 SENT. SUL/NORTE - CRUZ -068,NÃO METROLÓGICO,-15.818021999998727,-47.91379100002073
01,BRASILIA,FIS096,VIA W3 SUL ALT. SCRS 508/509 SENT. SUL/NORTE - CRUZ 063,NÃO METROLÓGICO,-15.81375099999875,-47.90788900002049
01,BRASILIA,FIS097,VIA W3 SUL ALT. SHIGS 708/709 SENT. NORTE SUL - CRUZ 063,NÃO METROLÓGICO,-15.81310599999875,-47.907329000020475
01,BRASILIA,FIS073,VIA W3 SUL HIGS 707 SENT. NORTE/SUL - CRUZ 062,NÃO METROLÓGICO,-15.811509999998757,-47.90514200002039
01,BRASILIA,FIS024,W3 SUL CRS 505 SENT. SUL/NORTE - CRUZ 059,NÃO METROLÓGICO,-15.806397999998776,-47.89890900002016
01,BRASILIA,FIS025,W3 SUL SHIGS 704 SENT. NORTE/SUL - CRUZ 059,NÃO METROLÓGICO,-15.805891999998774,-47.89866200002015
01,BRASILIA,FIS051,VIA W3 SUL SRTVS 702 SUL SENT. NORTE/SUL - CRUZ 056,NÃO METROLÓGICO,-15.799340999998787,-47.89298600001994
01,BRASILIA,FIS007,W3 SUL SCS SENT SUL/NORTE 054,NÃO METROLÓGICO,-15.795726999998795,-47.890845000019866
01,BRASILIA,FIS008,W3 SUL ALT. SHS SENT NORTE/SUL CRUZ 054,NÃO METROLÓGICO,-15.795330999998788,-47.89092200001987
01,BRASILIA,FIS120,1 AVENIDA SUDOESTE ACESSO A VIA S1 EIXO MONUMENTAL - CRUZ 362,NÃO METROLÓGICO,-15.785193999998741,-47.913870000020765
01,BRASILIA,FIS119,VIA S1 EIXO MONUM. ALT. ACESSO A 1 AV. SUDOESTE SENT. RODF/ESPLANADA - CRUZ 362,NÃO METROLÓGICO,-15.785047058213008,-47.91399502301548
01,BRASILIA,FIS144,VIA DE LIGACAO N1 COM S1 ALT MEMORIAL DOS POVOS INDIGENAS - CRUZ 005,NÃO METROLÓGICO,-15.785290999998743,-47.912299000020695
01,BRASILIA,FIS083,VIA S1 ALT. TJDFT SENT. RODOF/ESPLANADA - CRUZ 006,NÃO METROLÓGICO,-15.786927221220541,-47.90797487864505
01,BRASILIA,FIS066,VIA S1 ALT. TJDFT SENT. RODOF/ESPLANADA - CRUZ 006,NÃO METROLÓGICO,-15.786776934770689,-47.90790505840008
01,BRASILIA,FIS059,VIA N1 ALT. TRIBUNAL DE CONTAS SENT. ESPLAN/RODF - CRUZ 153,NÃO METROLÓGICO,-15.785331045507121,-47.9062633513511
01,BRASILIA,FIS087,VIA N1 ALT. TRIBUNAL DE CONTAS SENT. ESPLAN/RODOF - CRUZ 153,NÃO METROLÓGICO,-15.785188195360291,-47.90624049088923
01,BRASILIA,FIS058,VIA N1 CENTRO DE CONVENCES SENT. ESPLAN/RODF - CRUZ 142,NÃO METROLÓGICO,-15.786294359922177,-47.900787294912675
01,BRASILIA,FIS086,VIA N1 CENTRO DE CONVECOES SENT. ESPLAN/RODF - CRUZ 142,NÃO METROLÓGICO,-15.786156999998768,-47.90073400002024
01,BRASILIA,FIS149,VIA S1 EIXO MONUMENTAL PROX. A TORRE DE TV SENT. ESPLANADA - CRUZ 441,NÃO METROLÓGICO,-15.791906508112222,-47.89392534908021
01,BRASILIA,FIS150,VIA S1 EIXO MONUMENTAL PROX. A TORRE DE TV SENT. ESPLANADA - CRUZ 441,NÃO METROLÓGICO,-15.79209326719727,-47.8939821448467
01,BRASILIA,FIS134,VIA N1 ALT. SHN QD 04 SENT ESPLANADA/RODOFERROVIARIA - CRUZ 141,NÃO METROLÓGICO,-15.789786909078858,-47.89040101656472
01,BRASILIA,FIS133,VIA N1 ALT. SHN QD 04 SENT. ESPLANADA/RODOFERROVIARIA - CRUZ 141,NÃO METROLÓGICO,-15.789937466244243,-47.890451047482586
01,BRASILIA,FIS084,VIA S-1 RODOVIARIA RETORNO N1/S1 ALT. SDS - CRUZ 381,NÃO METROLÓGICO,-15.794244291634948,-47.885066630966854
01,BRASILIA,FIS036,VIA S-1 RODOVIARIA RETORNO N1/S1 ALT. SDS - CRUZ 381,NÃO METROLÓGICO,-15.794399890280873,-47.885116731239734
01,BRASILIA,FIS081,VIA S1 ALT. CRUZ S1/L2 SUL SENT. RODOF/ESPLANADA - CRUZ 002,NÃO METROLÓGICO,-15.79662988938773,-47.87744427283962
01,BRASILIA,FIS082,VIA S1 ALT. CRUZ S1/L2 SUL SENT. RODOF/ESPLANADA - CRUZ 002,NÃO METROLÓGICO,-15.796484326459701,-47.877397442822684
01,BRASILIA,FIS105,VIA S1 ALT. MIN DA PREVIDENCIA SOCIAL SENT. RODOF/ ESPLANADA - CRUZ 339,NÃO METROLÓGICO,-15.799320097665959,-47.86895342129687
01,BRASILIA,FIS106,VIA S1 ALT. MIN DA PREVIDENCIA SOCIAL SENT. RODOF/ ESPLANADA - CRUZ 339,NÃO METROLÓGICO,-15.799167434912764,-47.86890961981609
01,BRASILIA,FIS104,VIA N1 ALT. MIN DO EXERCITO SENT. ESPLANADA/RODF - CRUZ 137,NÃO METROLÓGICO,-15.796737786049222,-47.87043307680089
01,BRASILIA,FIS103,VIA N1 ALT. MIN DO EXERCITO SENT. ESPLANADA/RODF - CRUZ 137,NÃO METROLÓGICO,-15.796595175923839,-47.87039149934392
01,BRASILIA,FIS158,VIA DE LIGACAO S1/N1 ALT. DO MINISTERIO DE INDUSTRIA E COMERCIO - CRUZ 138,NÃO METROLÓGICO,-15.795536933880742,-47.87479162218117
01,BRASILIA,FIS037,VIA N1 RODV. ALT. TEATRO NACIONAL SENT L2/W3 NORTE - CRUZ 383,NÃO METROLÓGICO,-15.793438999998815,-47.88046200001948
01,BRASILIA,FIS085,VIA N1 RODV. ALT. TEATRO NACIONAL SENT. L2/W3 NORTE - CRUZ 383,NÃO METROLÓGICO,-15.793581999998825,-47.88052500001948
01,BRASILIA,FIS043,EIXO L NORTE ALT. QD. 01 SNB SENT SUL/NORTE - CRUZ 146,NÃO METROLÓGICO,-15.790211999998823,-47.8808790000195
01,BRASILIA,FIS060,EIXO W NORTE ALT. SINE SENT NORTE/SUL - CRUZ 148,NÃO METROLÓGICO,-15.788058999998825,-47.88177700001953
01,BRASILIA,FIS130,AV. L2 NORTE SGAN 601 ALT. SERPRO SENT. SUL/NORTE - CRUZ 199,NÃO METROLÓGICO,-15.786211999998848,-47.87355800001923
01,BRASILIA,FIS042,VIA L2 NORTE ALT. SAUN. QD 05 SENT. NORTE/SUL - CRUZ 198,NÃO METROLÓGICO,-15.786309999998847,-47.87366800001924
01,BRASILIA,FIS029,VIA L2 NORTE ALT. SGAN 605 SENT. SUL/NORTE - CRU 204,NÃO METROLÓGICO,-15.771565999998844,-47.87485300001929
01,BRASILIA,FIS028,VIA L2 NORTE ALT. SQN 406 SENT. NORTE/SUL - CRUZ 203,NÃO METROLÓGICO,-15.771487999998843,-47.87498900001929
01,BRASILIA,FIS009,W3 NORTE ALT. SHN SENT SUL/NORTE CRUZ 158,NÃO METROLÓGICO,-15.7880369999988,-47.88825200001977
01,BRASILIA,FIS010,W3 NORTE ALT. SCN SENT NORTE/SUL CRUZ 158,NÃO METROLÓGICO,-15.787695999998814,-47.88837100001978
01,BRASILIA,FIS040,VIA W3 NORTE SCRN 502 SENT. SUL/NORTE - CRUZ 160,NÃO METROLÓGICO,-15.781341999998816,-47.88754700001975
01,BRASILIA,FIS041,VIA W3 NORTE SCLRN 703 SENT NORTE/SUL - CRUZ 160,NÃO METROLÓGICO,-15.780449999998813,-47.887775000019765
01,BRASILIA,FIS038,VIA W3 NORTE SEPN 506 SENT. SUL/NORTE - CRUZ 162,NÃO METROLÓGICO,-15.769631999998815,-47.88913500001983
01,BRASILIA,FIS039,VIA W3 NORTE SCLRN 707 SENT. NORTE/SUL - CRUZ 162,NÃO METROLÓGICO,-15.76871299999881,-47.889551000019836
01,BRASILIA,FIS109,VIA W3 NORTE SCRN 508/509 SENT. SUL/NORTE - CRUZ 163,NÃO METROLÓGICO,-15.763702999998806,-47.89090100001989
01,BRASILIA,FIS003,VIA W3 NORTE SEPN 510 SENT. SUL/NORTE - CRUZ 166,NÃO METROLÓGICO,-15.757504999998805,-47.89287700001997
01,BRASILIA,FIS004,VIA W3 NORTE SCLRN 711 SENT. NORTE/SUL - CRUZ 166,NÃO METROLÓGICO,-15.756646999998802,-47.89337100002
01,BRASILIA,FIS110,VIA W3 NORTE SCRN 514/515 SENT. SUL/NORTE - CRUZ 168,NÃO METROLÓGICO,-15.745079999998802,-47.896865000020135
01,BRASILIA,FIS055,VIA W5 NORTE SEPN 914 SENT. NORTE/SUL - CRUZ 341,NÃO METROLÓGICO,-15.746197999998795,-47.90017700002026
01,BRASILIA,FIS005,VIA W4 NORTE SCRN 706 SENT. SUL/NORTE - CRUZ 169,NÃO METROLÓGICO,-15.769575999998809,-47.89227800001994
01,BRASILIA,FIS159,VIA DE LIGACAO W-3 E W-4 NORTE ALT. QD 707 SENT. AUTODROMO - CRUZ 169,NÃO METROLÓGICO,-15.769453645416128,-47.892283226592966
01,BRASILIA,FIS056,VIA W4 NORTE SHIGN 708/709 SENT. SUL/NORTE - CRUZ 349,NÃO METROLÓGICO,-15.764078952313907,-47.89402037860961
01,BRASILIA,FIS072,VIA DE LIGACAO L4 SUL COM SETOR POL. SUL SENT. L4 SUL/SPS - CRUZ 391,NÃO METROLÓGICO,-15.8403639999987,-47.921727000021015
01,BRASILIA,FIS047,VIA L2 SUL SGAS 612 SENT SUL/NORTE - CRUZ 099,NÃO METROLÓGICO,-15.831176999998743,-47.909130000020525
01,BRASILIA,FIS046,VIA L2 SUL SQS 412 SENT. NORTE/SUL - CRUZ 099,NÃO METROLÓGICO,-15.831003999998734,-47.90917800002053
01,BRASILIA,FIS002,VIA L2 SUL SGAS 608 SENT. SUL/NORTE - CRUZ 093,NÃO METROLÓGICO,-15.822780999998775,-47.8975020000201
01,BRASILIA,FIS001,VIA L2 SUL SQS 408 SENT. NORTE/SUL - CRUZ 092,NÃO METROLÓGICO,-15.822627996549873,-47.89761962912439
01,BRASILIA,FIS053,VIA L2 SUL SGAS 604 SENT SUL/NORTE - CRUZ 087,NÃO METROLÓGICO,-15.8136909999988,-47.88717300001971
01,BRASILIA,FIS052,VIA L2 SUL SQS 404 SENT. NORTE/SUL - CRUZ 086,NÃO METROLÓGICO,-15.813498999998803,-47.887277000019715
01,BRASILIA,FIS026,VIA L2 SUL SAS ALT. QD. 06 SENT. NORTE/SUL - CRUZ 082,NÃO METROLÓGICO,-15.806340548713544,-47.880929911958496
01,BRASILIA,FIS027,VIA S3 SBS ALT. QD. 04 SENT. SBS/L2 SUL - CRUZ 015,NÃO METROLÓGICO,-15.802362999998813,-47.88255600001955
01,BRASILIA,FIS069,VIA S3 SBS SENT. L2/W3 SUL - CRUZ 019,NÃO METROLÓGICO,-15.801974999998814,-47.88296100001956
01,BRASILIA,FIS071,VIA S3 SCS ALT. QD 01 SENT. L2 SUL/W3 SUL - CRUZ 024,NÃO METROLÓGICO,-15.799865999998806,-47.88729100001972
01,BRASILIA,FIS048,VIA S3 SMHS 301 SENT. W3/L2 SUL - CRUZ 023,NÃO METROLÓGICO,-15.798943999998794,-47.88954700001981
01,BRASILIA,FIS136,VIA S3 SCS ALT. QD. 06 SENT. W-3/W-4 - CRUZ 055,NÃO METROLÓGICO,-15.797619999998798,-47.89155400001989
01,BRASILIA,FIS137,VIA S3 ALT. SRTVS SENT. W-4/W-3 - CRUZ 055,NÃO METROLÓGICO,-15.797367999998798,-47.89204600001991
01,BRASILIA,FIS044,VIA W4 SUL SEPS 703/903 SENT SUL/NORTE - CRUZ 079,NÃO METROLÓGICO,-15.799924999998778,-47.896764000020084
01,BRASILIA,FIS057,VIA SRPN ALT. CODEPLAN SENT. AUTODROMO/N1 - CRUZ 342,NÃO METROLÓGICO,-15.783162999998767,-47.90561400002044
01,BRASILIA,FIS067,VIA DE LIGACAO W3 NORTE COM EPAA SENT. AUTODROMO/W5 NORTE - CRUZ 174,NÃO METROLÓGICO,-15.769919999998805,-47.893701000019995
01,BRASILIA,RE120,VIA DE LIGACAO PONTE DAS GARCAS SENT PLANO PILOTO/ LAGO SUL,REDUTOR ELETRÔNICO DE VELOCIDADE,-15.834748557704701,-47.90026605895314
01,BRASILIA,RE122,VIA DE LIGAÇÃO L-2 / PONTE COSTA E SILVA SENT. PLANO PILOTO/LAGO SUL</,REDUTOR ELETRÔNICO DE VELOCIDADE,-15.818572999998825,-47.88013000001945
01,BRASILIA,RE053,VIA W4 NORTE SHCGN 713/714 SENT. SUL/NORTE,REDUTOR ELETRÔNICO DE VELOCIDADE,-15.74859953269709,-47.89895564319721
01,BRASILIA,RE001,VIA L-3 NORTE ALTURA DA FACULDADE DE EDUCAÇÃO/UNB SENT. SUL/NORTE</,REDUTOR ELETRÔNICO DE VELOCIDADE,-15.768954999998853,-47.872613000019214
01,BRASILIA,RE002,VIA L-3 NORTE ALTURA DA SGAN 606 PROX. CASA THOMAS JEFERSON SENT. NORTE/SUL,REDUTOR ELETRÔNICO DE VELOCIDADE,-15.767296999998853,-47.873204000019236
01,BRASILIA,RE133,VIA JK PROX. PONTE JK SENT. PLANO PILOTO / LAGO SUL,REDUTOR ELETRÔNICO DE VELOCIDADE,-15.81677799999892,-47.835923000017864
01,BRASILIA,RE093,SGAN 908 PROX ACESSO VIA W5 SENT. OESTE/LESTE,REDUTOR ELETRÔNICO DE VELOCIDADE,-15.764469560556794,-47.89562031628707
01,BRASILIA,FIS123,ALÇA DA RODOVIÁRIA LIGAÇÃO N1/S1 SENTIDO NORTE/SUL SEMAFORO CRUZ 381</De,NÃO METROLÓGICO,-15.794162762951826,-47.88498568154946
01,BRASILIA,KR376,VIA TERMINAL NORTE A 200m DA 2ª DP ASA NORTE PLANO PILOTO SENT. W-3 NORTE/DF-003<,CONTROLADOR ELETRÔNICO,-15.734755415183587,-47.90114484009603
01,BRASILIA,KR378,AV. W-3 SUL ALT. SHLS Q. 716 LT. 2 ASA SUL PLANO PILOTO SENT. NORTE/SUL,CONTROLADOR ELETRÔNICO,-15.828390852060043,-47.92850039595194
01,BRASILIA,KR377,AV. W-3 NORTE ALT. SEPN Q. 516 LT. 10 ASA NORTE PLANO PILOTO SENT SUL/NORTE,CONTROLADOR ELETRÔNICO,-15.739188970774032,-47.898745994657354
01,BRASILIA,KR382,AVENIDA DO EXÉRCITO PROX. A QUADRA RESIDENCIAL DE GENERAIS - DF<,CONTROLADOR ELETRÔNICO,-15.766317842735614,-47.91777120245887
02,GAMA,KR065,AV DOS PIONEIROS Q3 ST SUL GAMA SENT OESTE/LESTE,CONTROLADOR ELETRÔNICO,-16.028378999998193,-48.06455300002709
02,GAMA,KR160,AV BOMBEIROS Q. 01 PROX CBM GAMA(SENT SUL/NORTE),CONTROLADOR ELETRÔNICO,-16.003370312288865,-48.05953063812854
02,GAMA,KR161,AV BOMBEIROS Q. 02 PROX CBM GAMA(SENT NORTE/SUL),CONTROLADOR ELETRÔNICO,-16.004008999998213,-48.05967600002689
02,GAMA,KR162,AVENIDA DO BOMBEIRO DO GAMA QI 01 PROX AO ESTADIO BEZERRAO SENT SUL/NORTE,CONTROLADOR ELETRÔNICO,-16.013970999998204,-48.060017000026896
02,GAMA,KR163,AVENIDA DO BOMBEIRO DO GAMA PROX AO ESTADIO BEZERRAO SENT NORTE/SUL,CONTROLADOR ELETRÔNICO,-16.011357630191394,-48.060047896411945
02,GAMA,KR311,AV CENTRAL NORTE Q 01 AE SETOR NORTE GAMA PROX AO FORUM SENT SESI,CONTROLADOR ELETRÔNICO,-16.009310999998206,-48.06092200002695
02,GAMA,KR312,AV CENTRAL NORTE AREA ESPECIAL 1/8 SETOR CENTRAL GAMA PROX SESI SENT FORUM,CONTROLADOR ELETRÔNICO,-16.011487999998188,-48.065060000027145
02,GAMA,FIS098,AV. DOS PIONEIROS ALT. QD 34/36 GAMA SENT. SANTA MARIA/SETOR OESTE - CRUZ 297,NÃO METROLÓGICO,-16.032482999998205,-48.05764400002676
02,GAMA,FIS099,AV. DOS PIONEIROS ALT. Q.5 GAMA SENT. SETOR OESTE/SANTA MARIA - CRUZ 297,NÃO METROLÓGICO,-16.03252799999821,-48.05789100002677
02,GAMA,RE108,AV SUL QUADRA 36 LOTE 5/6 SENTIDO LESTE/OESTE - GAMA,REDUTOR ELETRÔNICO DE VELOCIDADE,-16.0311869999982,-48.059695000026856
02,GAMA,RE107,AV SC 5/AV DOS PIONEIROS QD 05 CONJ F LT 27 GAMA SENT OESTE/LESTE ,REDUTOR ELETRÔNICO DE VELOCIDADE,-16.03093433996191,-48.0604058504374
02,GAMA,RE026,VIA SC5/AV. DOS PIONEIROS Q 45 GAMA SENT. LESTE/OESTE ,REDUTOR ELETRÔNICO DE VELOCIDADE,-16.02612295919452,-48.06788951961096
02,GAMA,RE025,VIA SC 05/AV. DOS PIONEIROS Q 01 CONJ. G LT. 23 GAMA SENT. OESTE/LESTE ,REDUTOR ELETRÔNICO DE VELOCIDADE,-16.025670187968068,-48.06897684934492
02,GAMA,RE140,AV. CONTORNO SETOR OESTE ALT. QD. 24 SENT. NORTE(BRT) - GAMA,REDUTOR ELETRÔNICO DE VELOCIDADE,-16.010712226306627,-48.08248847725811
02,GAMA,RE110,SETOR INDUSTRIAL QD. 07 LOTE 830 SENT. NORTE/SUL - GAMA,REDUTOR ELETRÔNICO DE VELOCIDADE,-16.00947699999824,-48.053514000026595
02,GAMA,RE109,VIA LESTE INDUSTRIAL/AV ITAMARACA QI 07 LT 830 GAMA SENT NORTE/SUL,REDUTOR ELETRÔNICO DE VELOCIDADE,-16.008864999998234,-48.053646000026596
02,GAMA,RE111,VIA LESTE INDUSTRIAL/AV. ITAMARACA EQ 3/5 UBS 3 GAMA SENT. SUL/NORTE ,REDUTOR ELETRÔNICO DE VELOCIDADE,-16.005948654886772,-48.05335687110348
02,GAMA,RE112,VIA LESTE INDUSTRIAL/AV. ITAMARACA QI 07 LOTE 1240 GAMA SENT. NORTE/SUL,REDUTOR ELETRÔNICO DE VELOCIDADE,-16.005151999998237,-48.0534680000266
02,GAMA,RE157,VIA SCN QD. 54 LT. 07 SETOR CENTRAL GAMA SENT. LESTE/OESTE,REDUTOR ELETRÔNICO DE VELOCIDADE,-16.01418909483788,-48.06739143532224
02,GAMA,RE159,AV. CONTORNO SETOR OESTE PROX. QD. 14 GAMA SENT. NORTE/SUL,REDUTOR ELETRÔNICO DE VELOCIDADE,-16.00524952560788,-48.0814020887835
02,GAMA,RE160,AV DOS BOMBEIROS Q. 02 PROX RESIDENCIAL GAMAGGIORE GAMA SENT NORTE/SUL,REDUTOR ELETRÔNICO DE VELOCIDADE,-15.999826839850606,-48.059484450067295
03,TAGUATINGA,KR158,VIA RIBEIRÃO LIGAÇÃO TAG-SAMAM PROX. CORR TAG (SENT. NORTE/SUL)</D,CONTROLADOR ELETRÔNICO,-15.841617999998231,-48.075534000027865
03,TAGUATINGA,KR159,VIA DE LIG TAG-SAMAM PROX. CORREGO TAGUATINGA (SENT. SUL/NORTE),CONTROLADOR ELETRÔNICO,-15.845504999998235,-48.07509000002785
03,TAGUATINGA,KR263,VIA M3 M NORTE CEIL QNM 40 PROX CONJ F2 SENT HELIO PRATES/SETOR O,CONTROLADOR ELETRÔNICO,-15.79792821231474,-48.10972733438618
03,TAGUATINGA,KR324,AV SANDU SUL QSD 45 SENTIDO TAGUATINGA NORTE - TAGUATINGA,CONTROLADOR ELETRÔNICO,-15.851597999998326,-48.04641300002644
03,TAGUATINGA,KR325,AV SANDU SUL QSD 26 PROX CASA 05 SENTIDO BR-060 - TAGUATINGA,CONTROLADOR ELETRÔNICO,-15.851558999998327,-48.046483000026434
03,TAGUATINGA,FIS131,VIA LJ 2 ALT. DA QNJ 48 TAGUATINGA SENT. SUL/NORTE - CRUZ 353,NÃO METROLÓGICO,-15.81044151816352,-48.089941310607195
03,TAGUATINGA,FIS033,AV. HELIO PRATES ALT. QNL 23 SENT. CEIL/TAG - CRUZ 353,NÃO METROLÓGICO,-15.810422112960072,-48.090257619947295
03,TAGUATINGA,FIS032,AV. HELIO PRATES ALT. SDE QD. 01 SETOR M NORTE - CRUZ 353,NÃO METROLÓGICO,-15.810030291468948,-48.08992443088814
03,TAGUATINGA,FIS132,VIA M 4 ALT. QNM 34 TAGUATINGA SENT. NORTE/SUL - CRUZ 353,NÃO METROLÓGICO,-15.810047470843209,-48.09029315708943
03,TAGUATINGA,FIS016,AV. HELIO PRATES ALT. QNJ AE 02 SENT. CEIL/TAG - CRUZ 274,NÃO METROLÓGICO,-15.808856999998214,-48.085588000028416
03,TAGUATINGA,FIS112,AV. ELMO SEREJO QNM 25 SENT. P.SUL/TAGUATINGA - CRUZ 432,NÃO METROLÓGICO,-15.836994999998184,-48.09052900002863
03,TAGUATINGA,FIS065,VIA LJ 01 FEIRA PERMANENTE TAG SENT. ELMO SEREJO/HELIO PRATES - CRUZ 320,NÃO METROLÓGICO,-15.818410999998227,-48.082050000028225
03,TAGUATINGA,FIS151,AV. HELIO PRATES ALT DA QI 15 TAG NORTE SENT. CEIL/DF001 SEMAF. CRUZ. 264,NÃO METROLÓGICO,-15.806620999998241,-48.078573000028065
03,TAGUATINGA,FIS095,AV. SAMDU NORTE QNE 25/34 TAGUATINGA SENT. SUL/NORTE CRUZ 298,NÃO METROLÓGICO,-15.809007718809115,-48.06911094309397
03,TAGUATINGA,FIS078,QNE 05 / QNB 17 TAGUATINGA SENT. AV. COM. NORTE/AV SANDU NORTE - CRUZ 280,NÃO METROLÓGICO,-15.818362219534079,-48.06588994007471
03,TAGUATINGA,FIS091,AV. SAMDU NORTE QNB 07 TAGUATINGA SENT. SUL/NORTE - CRUZ 282,NÃO METROLÓGICO,-15.827578999998288,-48.06271200002725
03,TAGUATINGA,FIS139,AV. SAMDU TAGUATINGA AT. QSB 02 SENT. SUL/NORTE - CRUZ 232,NÃO METROLÓGICO,-15.83672799999829,-48.05951900002709
03,TAGUATINGA,FIS079,AV. COMERCIAL SUL QSA 24 SENT. NORTE/SUL TAGUATINGA - CRUZ 240,NÃO METROLÓGICO,-15.840594999998315,-48.0497010000266
03,TAGUATINGA,FIS080,AV. COMERCIAL SUL TAGUATINGA ALT C-8 SENT. NORTE/SUL - CRUZ 242,NÃO METROLÓGICO,-15.834396297374,-48.05684319078016
03,TAGUATINGA,FIS135,AV. COMERCIAL NORTE TAGUATINGA ALT C-9 SENT. NORTE/SUL - CRUZ 227,NÃO METROLÓGICO,-15.8333849999983,-48.05717600002697
03,TAGUATINGA,FIS014,AV. COMERCIAL NORTE TAG ALT. QNA 01 SENT. NORTE/SUL - CRUZ 243,NÃO METROLÓGICO,-15.831409999998302,-48.057851000027014
03,TAGUATINGA,FIS094,AV. COMERCIAL NORTE TAG CNB 06/07 SENT. NORTE/SUL - CRUZ 246,NÃO METROLÓGICO,-15.826382999998291,-48.0596240000271
03,TAGUATINGA,FIS090,AV. COMERCIAL NORTE TAG. QND 01 SENT. NORTE/SUL - CRUZ 248,NÃO METROLÓGICO,-15.817302999998292,-48.062708000027264
03,TAGUATINGA,FIS093,AV. COM. NORTE TAG ONE 17/26 SENT. NORTE/SUL - CRUZ 254,NÃO METROLÓGICO,-15.80778199999828,-48.06601100002744
03,TAGUATINGA,FIS113,AV. HELIO PRATES ALT. QND 58 SENT. TAG/ DF001 SEMAF. CRUZ. 256,NÃO METROLÓGICO,-15.800233999998314,-48.058561000027076
03,TAGUATINGA,RE139,AV. ELMO SEREJO PROX. KIREYBARA SENT. OESTE/LESTE,REDUTOR ELETRÔNICO DE VELOCIDADE,-15.836544180391309,-48.06648552410743
03,TAGUATINGA,RE090,AV ELMO SEREJO PROX. A CHÁCARA ONOYAMA TAGUATINGA SENT. LESTE/OESTE<,REDUTOR ELETRÔNICO DE VELOCIDADE,-15.835888999998275,-48.064042000027314
03,TAGUATINGA,RE126,VIA LJ-1 QNL 2 BL A TAGUATINGA SENT SUL/NORTE,REDUTOR ELETRÔNICO DE VELOCIDADE,-15.832262891003898,-48.077285809586336
03,TAGUATINGA,RE135,VIA LJ-1 QNL 1 CENTRO EDUCACIONAL 06 TAGUATINGA SENT. NORTE/SUL,REDUTOR ELETRÔNICO DE VELOCIDADE,-15.830416801014229,-48.07813122871342
03,TAGUATINGA,RE014,VIA LJ-2 QNL 01 BLOCO J SENT. HELIO PRATES/TAGUATINGA,REDUTOR ELETRÔNICO DE VELOCIDADE,-15.82978399999821,-48.083347000028276
03,TAGUATINGA,RE013,"VIA LJ2 QNL11 BLOCO """"G"""" TAGUATINGA SENT. ELMO SEREJO",REDUTOR ELETRÔNICO DE VELOCIDADE,-15.828843663708374,-48.083870567293154
03,TAGUATINGA,RE127,VIA LJ-2 QNJ 58 BL. E TAGUATINGA SENT SUL/NORTE,REDUTOR ELETRÔNICO DE VELOCIDADE,-15.814414419964882,-48.088578785051794
03,TAGUATINGA,RE138,VIA LJ-2 QNL 23 BL. A TAGUATINGA SENT. NORTE/SUL ,REDUTOR ELETRÔNICO DE VELOCIDADE,-15.813103753140576,-48.0892361785068
03,TAGUATINGA,RE098,VIA M4 QNM 34 CONJ. K SENT. BR-070 - CEILÂNDIA<,REDUTOR ELETRÔNICO DE VELOCIDADE,-15.80558399999819,-48.09359000002883
03,TAGUATINGA,RE097,VIA M4 QNM 36 CONJ. K SENT. HELIO PRATES CEILÂNDIA<,REDUTOR ELETRÔNICO DE VELOCIDADE,-15.805246751762704,-48.09455753466621
03,TAGUATINGA,RE096,VIA M4 QNM 38 CONJ. G SENT. BR-070 - CEILÂNDIA<,REDUTOR ELETRÔNICO DE VELOCIDADE,-15.798988620258832,-48.103430984212366
03,TAGUATINGA,RE095,VIA M4 QNM 40 CONJ. E CEILÂNDIA SENT. NORTE/SUL<,REDUTOR ELETRÔNICO DE VELOCIDADE,-15.798648056232954,-48.10437320063663
03,TAGUATINGA,FIS161,AV. HÉLIO PRATES ALTURA QNJ 07 TAGUATINGA SENT. OESTE/LESTE - CRUZ 396<,NÃO METROLÓGICO,-15.808186136932108,-48.08350557799011
03,TAGUATINGA,KR374,VIA LJ-1 QNL 07 BL. B TAGUATINGA SENTIDO NORTE/SUL,CONTROLADOR ELETRÔNICO,-15.821048832599637,-48.08131498337836
03,TAGUATINGA,KR375,VIA LJ-1 QNL 08 BL. B TAGUATINGA SENTIDO SUL/NORTE,CONTROLADOR ELETRÔNICO,-15.825043026032644,-48.07975036297453
03,TAGUATINGA,FIS167,BOULEVARD DE TAGUATINGA C12 BL. A TAGUATINGA - DF CRUZ. 227,NÃO METROLÓGICO,-15.833914420301314,-48.05721324877957
04,BRAZLANDIA,KR221,VIA LW1 BRAZLANDIA PROX CH 1A SUL SETOR SUL SENT DF180/CENTRO,CONTROLADOR ELETRÔNICO,-15.686711999997836,-48.200778000034965
05,SOBRADINHO,KR082,RUA 5 QD. CENTRAL FRT ED TOPHILL SOBRADINHO (SENT RODOVIÁRIA / HRS)<,CONTROLADOR ELETRÔNICO,-15.649704999999068,-47.787033000016365
05,SOBRADINHO,KR083,RUA 5 QD. CENTRAL FRT ED TOPHILL SOBRADINHO (SENT HRS/RODOVIÁRIA)<,CONTROLADOR ELETRÔNICO,-15.649674999999077,-47.78704800001636
05,SOBRADINHO,RE055,RUA 3 QD. 13 ALT. CONJ. B PROX. SUPERMERCADO SAMPAIO SOBRADINHO,REDUTOR ELETRÔNICO DE VELOCIDADE,-15.64840667952332,-47.785445383395945
05,SOBRADINHO,RE054,RUA 3 QD. 12 AE PROX. AO CENTRO EDUCACIONAL 02 SOBRADINHO,REDUTOR ELETRÔNICO DE VELOCIDADE,-15.648387999999073,-47.78594700001633
05,SOBRADINHO,RE057,QD 10 CONJ B PROX. AO CENTRO DE ENSINO 05 SENT. OESTE/LESTE SOBRADINHO I,REDUTOR ELETRÔNICO DE VELOCIDADE,-15.644119444982534,-47.79720155594918
05,SOBRADINHO,RE056,QD. 08 CL 08 LOTE 03 PROX. CENTRO DE ENSINO 05 SENT. LESTE/OESTE SOBRADINHO,REDUTOR ELETRÔNICO DE VELOCIDADE,-15.643941171480497,-47.79842333565853
06,PLANALTINA,KR032,AV GOIAS Q2 PLANALTINA (SENT OESTE/LESTE),CONTROLADOR ELETRÔNICO,-15.620761999999296,-47.66632700001287
06,PLANALTINA,KR033,AV GOIAS N100 PLANALTINA (SENT LESTE/OESTE),CONTROLADOR ELETRÔNICO,-15.620723999999289,-47.66632300001286
06,PLANALTINA,RE058,AV ERASMO DE CASTRO EM FRENTE AO LAR FABIANO DE CRISTO SENT. ARAPOANGA PLANALTINA,REDUTOR ELETRÔNICO DE VELOCIDADE,-15.637071724717789,-47.65125846255375
06,PLANALTINA,RE069,VIA NS 1 QD 04 CONJUNTO J PLANALTINA SENT SUL/ NORTE,REDUTOR ELETRÔNICO DE VELOCIDADE,-15.622273731114436,-47.65024743802396
06,PLANALTINA,RE068,VIA NS 1 QD. 01 FEIRA PLANALTINA SENT. NORTE/ SUL,REDUTOR ELETRÔNICO DE VELOCIDADE,-15.620666377316391,-47.65052626210865
06,PLANALTINA,RE066,AV INDEPENDENCIA QD 18 SENT. NORTE/SUL PLANALTINA,REDUTOR ELETRÔNICO DE VELOCIDADE,-15.616132053889517,-47.655109316123166
06,PLANALTINA,RE128,AV. INDEPENDENCIA SR JARDIM RORIZ QD 01 CONJ 1A PLANALTINA SENT SUL/NORTE,REDUTOR ELETRÔNICO DE VELOCIDADE,-15.604804999999315,-47.65436000001255
06,PLANALTINA,RE064,AV INDEPENDENCIA SR JARDIM RORIZ QD 01 CONJ. 1H PLANALTINA SENT. SUL/NORTE,REDUTOR ELETRÔNICO DE VELOCIDADE,-15.601790743208733,-47.654186582898326
06,PLANALTINA,RE162,"AV. INDEPENDENCIA SETOR COMERCIAL QUADRA 02, BLOCO H, PLANALTINA SENT. SUL/NORTE",REDUTOR ELETRÔNICO DE VELOCIDADE,-15.622256978587384,-47.65528809292172
06,PLANALTINA,RE165,AV INDEPENDÊNCIA QD H CJ H5 VILA NOSSA SENHORA DE FÁTIMA SENT NORTE/SUL</,REDUTOR ELETRÔNICO DE VELOCIDADE,-15.601793224020547,-47.65436603618347
07,PARANOA,RE074,AV PARANOA QD. 29 CONJ. 21 PARANOA SENT. NORTE/SUL ,REDUTOR ELETRÔNICO DE VELOCIDADE,-15.764317575702524,-47.780326287024934
07,PARANOA,RE075,AV. PARANOA QD. 26 CONJ. 20 LT 16 PARANOA SENT. SUL/NORTE ,REDUTOR ELETRÔNICO DE VELOCIDADE,-15.765503929202227,-47.77999941990814
07,PARANOA,RE076,AV PARANOA QD17 CONJ. 11 LT 08 PARANOA SENT NORTE/ SUL,REDUTOR ELETRÔNICO DE VELOCIDADE,-15.771434197815699,-47.77969751435248
07,PARANOA,RE077,AV PARANOA QD.12 CONJ. 10 LT 09 PARANOA SENT SUL/ NORTE,REDUTOR ELETRÔNICO DE VELOCIDADE,-15.772524999999051,-47.77959400001604
07,PARANOA,RE079,AV ALTA TENSAO QD. 02 CONJ. B LOTE 18 SENT. NORTE/SUL - PARANOA,REDUTOR ELETRÔNICO DE VELOCIDADE,-15.7820186073686,-47.77898998759394
09,CEILANDIA,KR011,AV. ELMO SEREJO ALT QNN26 ( SENT CEIL/TAG),CONTROLADOR ELETRÔNICO,-15.843421306474976,-48.1035562929672
09,CEILANDIA,KR016,Via M1 QNM 07 CONJUNTO O CEILANDIA SUL PROX CENTRO DE SAUDE N 03 SENT ELMO SEREJO,CONTROLADOR ELETRÔNICO,-15.832032999998168,-48.09646800002894
09,CEILANDIA,KR025,Via M1 QNM 07 CONJUNTO O CEILANDIA SUL PROX CENTRO DE SAUDE N 03 SENT HELIO PRATES,CONTROLADOR ELETRÔNICO,-15.831959999998162,-48.096309000028924
09,CEILANDIA,KR059,Via M2 QNM 12 PROX LOTE 38 CEILANDIA NORTE SENTIDO HELIO PRATES,CONTROLADOR ELETRÔNICO,-15.812642000914245,-48.10416093323068
09,CEILANDIA,KR060,Via M2 QNM 20 PROX CONJ A CEILANDIA NORTE SENT SETOR O,CONTROLADOR ELETRÔNICO,-15.811526760906945,-48.104785984225124
09,CEILANDIA,KR072,VIA N3 QNN 28 CEILANDIA SENT. SETOR O / ELMO SEREJO,CONTROLADOR ELETRÔNICO,-15.830979581047435,-48.11469560628532
09,CEILANDIA,KR073,VIA N3 QNN 24 CEIL(SENT E. SEREJO/SET O),CONTROLADOR ELETRÔNICO,-15.837190022351482,-48.10974019731315
09,CEILANDIA,KR077,VIA N2 QNN 18 PROX CONJ A CEILANDIA SENT HELIO PRATES/ELMO SEREJO,CONTROLADOR ELETRÔNICO,-15.824011907531505,-48.11444841547541
09,CEILANDIA,KR216,VIA M2 CEIL QNM 22 CONJ A FRENTE LT 13 SENT SUL/NORTE,CONTROLADOR ELETRÔNICO,-15.807109765317067,-48.108155435132616
09,CEILANDIA,KR218,VIA MN2 CEIL QNN 07 CONJ A FRENTE LT 14 SENT. NORTE/SUL,CONTROLADOR ELETRÔNICO,-15.805279788203203,-48.116430623520905
09,CEILANDIA,KR219,VIA MN2 CEIL QNM 08 CONJ A FRENTE LT 21 SENT. SUL/NORTE,CONTROLADOR ELETRÔNICO,-15.805289290302309,-48.116213782441136
09,CEILANDIA,KR258,VIA M1 CEIL QNM 04 CONJ O FRENTE LT 14 SENT NORTE/SUL,CONTROLADOR ELETRÔNICO,-15.812908999998136,-48.10716300002952
09,CEILANDIA,KR259,VIA M1 CEILANDIA ALT DA QNM 12 SENT SUL/NORTE,CONTROLADOR ELETRÔNICO,-15.812870999998129,-48.106989000029515
09,CEILANDIA,KR262,VIA M3 CEIL QNM 29 PROX APAED SENT ELMO SEREJO /HELIO PRATES,CONTROLADOR ELETRÔNICO,-15.824464863335583,-48.0935449611992
09,CEILANDIA,KR279,VIA M3 SUL QNM 21 PROXIMO AO CONJ P SENTIDO ELMO SEREJO,CONTROLADOR ELETRÔNICO,-15.821986290241936,-48.094683074961864
09,CEILANDIA,KR280,VIA M3 QNM 19 PROX CONJ O CEILANDIA SUL SENTIDO ELMO SEREJO,CONTROLADOR ELETRÔNICO,-15.818715156133745,-48.095931697884986
09,CEILANDIA,KR289,VIA M3 QNM 27 PROX COORD REGIONAL DE ENSINO DE CEILANDIA SENT SUL/NORTE,CONTROLADOR ELETRÔNICO,-15.820277342703744,-48.09515005330025
09,CEILANDIA,KR296,VIA M3 QNM 30 MOD F CEILANDIA NORTE PROX CENTRO ASSIST MARIA CARMEM SENT SUL/ NORTE,CONTROLADOR ELETRÔNICO,-15.804748662827754,-48.104512554400436
09,CEILANDIA,KR297,VIA M3 NORTE QNM 28 MODULO A PROXIMO A ASSEMBLEIA DE DEUS SENT. SUL/NORTE,CONTROLADOR ELETRÔNICO,-15.81130437761555,-48.09950716999844
09,CEILANDIA,KR298,VIA M3 SUL QNM 23 PROX AO CONJ P SENT NORTE/SUL,CONTROLADOR ELETRÔNICO,-15.83191323574712,-48.09087243597869
09,CEILANDIA,KR301,VIA M3 NORTE QNM 20 PROX AO CONJUNTO O SENTIDO HELIO PRATES,CONTROLADOR ELETRÔNICO,-15.810112180300575,-48.100644550896874
09,CEILANDIA,KR304,VIA M3 SUL QNM 25 PROXIMO AO CLUBE DO FLAMENGO SENTIDO HELIO PRATES,CONTROLADOR ELETRÔNICO,-15.833886875648098,-48.089936152973245
09,CEILANDIA,FIS153,VIA MN 1/AV H. PRATES QNN 18/17 CEIL ALT FUND BRADESCO SENT NORTE/SUL - CRUZ 509,NÃO METROLÓGICO,-15.825037999998088,-48.11873300003011
09,CEILANDIA,FIS156,VIA MN 1 AV. H PRATES QNN 17/18 CEIL FUND BRADESCO SENT SETOR P/TAG - CRUZ 509,NÃO METROLÓGICO,-15.825044054673029,-48.119032424293756
09,CEILANDIA,FIS154,VIA MN 1/AV H. PRATES QNN 17/18 CEIL ALT FUND BRADESCO SENT NORTE/SUL - CRUZ 509,NÃO METROLÓGICO,-15.824640999998087,-48.11914100003013
09,CEILANDIA,FIS155,VIA MN 1 AV. H. PRATES QNN 17/18 CEIL FUND BRADESCO SENT CEIL/SETOR P - CRUZ 509,NÃO METROLÓGICO,-15.824644999998089,-48.11878900003012
09,CEILANDIA,FIS124,VIA MN1 COM N2 ALTURA QNN 18 SENT. CEILANDIA/TAGUATINGA - CRUZ 294,NÃO METROLÓGICO,-15.823051999998091,-48.11513600002993
09,CEILANDIA,FIS125,VIA MN1 COM N2 ALTURA CNN 1 SENT. TAGUATINGA/CEILANDIA - CRUZ 294,NÃO METROLÓGICO,-15.822657999998098,-48.114930000029915
09,CEILANDIA,FIS020,VIA MN1 ALT. QNN 02 SENT. CEIL/TAG - CRUZ 293,NÃO METROLÓGICO,-15.819567999998132,-48.10853000002959
09,CEILANDIA,FIS019,VIA MN1 ALT. QNM 02 SENT. TAG/CEIL - CRUZ 293,NÃO METROLÓGICO,-15.819198999998129,-48.10833400002957
09,CEILANDIA,FIS128,VIA M2 ALT. QNM 17 SENTIDO SUL/NORTE - CRUZ 289,NÃO METROLÓGICO,-15.816097983345212,-48.10159070966015
09,CEILANDIA,FIS018,VIA MN1 ALT CNM 01 SENT. CEIL/TAG - CRUZ 289,NÃO METROLÓGICO,-15.816135999998153,-48.10193900002925
09,CEILANDIA,FIS129,VIA M2 ALT. CNM 02 SENT. NORTE/SUL - CRUZ 289,NÃO METROLÓGICO,-15.815781999998146,-48.10199400002925
09,CEILANDIA,FIS017,VIA MN1 ALT QNM 18 SENT TAG/CEIL - CRUZ 289,NÃO METROLÓGICO,-15.815730999998154,-48.10170800002924
09,CEILANDIA,FIS088,AV. ELMO SEREJO QNM25 SENT. TAG/P SUL - CRUZ 431,NÃO METROLÓGICO,-15.83644999999818,-48.090684000028645
09,CEILANDIA,RE105,AV ELMO SEREJO QNP 20 ALT. CONJ. J CEILÂNDIA SENT. LESTE/OESTE<,REDUTOR ELETRÔNICO DE VELOCIDADE,-15.84980573557817,-48.112706681785575
09,CEILANDIA,RE100,VIA P3 QNP 20 CONJ. L CEILÂNDIA SENT. SUL/NORTE<,REDUTOR ELETRÔNICO DE VELOCIDADE,-15.848227819099302,-48.115122538438655
09,CEILANDIA,RE099,VIA P3 QNP 30 CONJ. B CEILÂNDIA SENT. NORTE/SUL<,REDUTOR ELETRÔNICO DE VELOCIDADE,-15.84757710964341,-48.115847108109264
09,CEILANDIA,RE103,VIA P2 QNP 18 CONJ. L CEILÂNDIA SENT. SUL/NORTE<,REDUTOR ELETRÔNICO DE VELOCIDADE,-15.845678411163716,-48.11161038446839
09,CEILANDIA,RE104,VIA P2 QNP 16 CONJ. B SENT. ELMO SEREJO CEILÂNDIA<,REDUTOR ELETRÔNICO DE VELOCIDADE,-15.845051191423263,-48.11232497712677
09,CEILANDIA,RE011,VIA N3 QNN 28 PROX AO SUPERCEI SENT. ELMO SEREJO CEILANDIA,REDUTOR ELETRÔNICO DE VELOCIDADE,-15.828514716995524,-48.116566404325525
09,CEILANDIA,RE012,"VIA N3 QNN 20 CONJ """"O"""" SENT. HELIO PRATES CEILANDIA",REDUTOR ELETRÔNICO DE VELOCIDADE,-15.829035131263431,-48.115966218891046
09,CEILANDIA,RE015,"VIA N2 QNN 14 AREA ESPECIAL EM FRENTE """"C.E.P."""" CEILÂNDIA SENT. HELIO PRATES<",REDUTOR ELETRÔNICO DE VELOCIDADE,-15.83022497657213,-48.10958003987457
09,CEILANDIA,RE016,"VIA N2 QNN 20 CONJ """"B"""" CEILÂNDIA SENT. ELMO SEREJO<",REDUTOR ELETRÔNICO DE VELOCIDADE,-15.829425993290352,-48.11041912431637
09,CEILANDIA,RE020,VIA MN2 QNN 08 CONJUNTO B SENT. ELMO SEREJO CEILÂNDIA<,REDUTOR ELETRÔNICO DE VELOCIDADE,-15.836230982933326,-48.09914540963104
09,CEILANDIA,RE045,"VIA M2 QNM 21 CONJ """"A"""" CEILANDIA SENTIDO HELIO PRATES",REDUTOR ELETRÔNICO DE VELOCIDADE,-15.82678184678708,-48.09732186461144
09,CEILANDIA,RE046,VIA M2 QNM 13 PROX. CENTRO DE ENSINO 03 SENT. ELMO SEREJO CEILANDIA,REDUTOR ELETRÔNICO DE VELOCIDADE,-15.826022813827983,-48.097812409703835
09,CEILANDIA,RE010,VIA N-3 QNN 19 CONJ O CEILÂNDIA SENT. BR-070<,REDUTOR ELETRÔNICO DE VELOCIDADE,-15.819948933390426,-48.120996008064715
09,CEILANDIA,RE009,VIA N-3 QNN 27 LOTE C PROX SESC SENT. HELIO PRATES CEILANDIA,REDUTOR ELETRÔNICO DE VELOCIDADE,-15.818621866111584,-48.12168311788082
09,CEILANDIA,RE008,VIA N-3 QNN 23 CONJ P SENT. BR-070 CEILANDIA,REDUTOR ELETRÔNICO DE VELOCIDADE,-15.806391532641898,-48.126185103401966
09,CEILANDIA,RE007,VIA N3 QNN 31 AREA ESPECIAL PROX COLEGIO SALESIANO CEILÂNDIA SENT. HELIO PRATES<,REDUTOR ELETRÔNICO DE VELOCIDADE,-15.806617734805855,-48.126298738922955
09,CEILANDIA,RE006,VIA N-3 QNO 11 CONJ B SENT. BR-070 CEILÂNDIA<,REDUTOR ELETRÔNICO DE VELOCIDADE,-15.797869999998067,-48.12943600003073
09,CEILANDIA,RE005,VIA N-3 QNO 10 LOTE A PROX AO CAIC CEILÂNDIA SENT. HELIO PRATES<,REDUTOR ELETRÔNICO DE VELOCIDADE,-15.797386999998063,-48.12986400003075
09,CEILANDIA,RE021,VIA MN2 QNM 08 CONJ. B LT 46 CEILANDIA SENT. SUL/NORTE ,REDUTOR ELETRÔNICO DE VELOCIDADE,-15.802519293415006,-48.11773888622053
09,CEILANDIA,RE022,VIA MN-2 QNN 09 CONJ. A LT. 46 CEILANDIA SENT. NORTE/SUL,REDUTOR ELETRÔNICO DE VELOCIDADE,-15.80165751516274,-48.118455937983825
09,CEILANDIA,RE023,"VIA MN-2 QNM 04 CONJ """"B"""" SENT. BR-070 CEILANDIA",REDUTOR ELETRÔNICO DE VELOCIDADE,-15.812522421446557,-48.11217893774264
09,CEILANDIA,RE024,"VIA MN2 QNM 05 CONJ """"A"""" SENT. HELIO PRATES PROX. SUPERM. ESPIRITO SANTO CEILANDIA",REDUTOR ELETRÔNICO DE VELOCIDADE,-15.811453877449718,-48.11296507719163
09,CEILANDIA,RE003,VIA M1 QNM 14 AREA ESPECIAL PROX CENTRO ENSINO 02 CEILÂNDIA SENT. BR-070<,REDUTOR ELETRÔNICO DE VELOCIDADE,-15.807848413060855,-48.10978826259185
09,CEILANDIA,RE004,VIA M1 QNM 06 CONJ P CEILÂNDIA SENT. HELIO PRATES<,REDUTOR ELETRÔNICO DE VELOCIDADE,-15.807013885832447,-48.11046173572597
09,CEILANDIA,RE043,VIA M2 QNM 24 CONJ. A SENT. BR-070 CEILANDIA,REDUTOR ELETRÔNICO DE VELOCIDADE,-15.803143849861291,-48.11118334918713
09,CEILANDIA,RE044,VIA M-2 QNM 16 AE F EM FRENTE AO CENTRO 05 SENT HELIO PRATES CEILANDIA,REDUTOR ELETRÔNICO DE VELOCIDADE,-15.802663526082274,-48.11180548132746
09,CEILANDIA,FIS160,AV. ELMO SEREJO CRUZAMENTO COM A QNN 26 CEILÂNDIA SENT. LESTE/OESTE - CRUZ. 512<,NÃO METROLÓGICO,-15.843848204344258,-48.10453268831833
09,CEILANDIA,KR372,SETOR O NORTE QNO 4 CONJUNTO L CEILANDIA SENTIDO NORTE/SUL,CONTROLADOR ELETRÔNICO,-15.792783897620057,-48.1182065329575
09,CEILANDIA,KR373,SETOR O NORTE QNO 4 CONJUNTO M CEILANDIA SENTIDO SUL/NORTE,CONTROLADOR ELETRÔNICO,-15.791903217021122,-48.11809453873564
09,CEILANDIA,RE106,AV. ELMO SEREJO QNP ALT. ADE QD. 3 CONJ. H LOTE 19 - CEILÂNDIA<,REDUTOR ELETRÔNICO DE VELOCIDADE,-15.850554942935458,-48.113456384210174
09,CEILANDIA,RE154,VIA MN2 QNM 07 CONJ. A LT. 46 CEILÂNDIA SENT. SUL/NORTE<,REDUTOR ELETRÔNICO DE VELOCIDADE,-15.832193296644167,-48.101178741278275
09,CEILANDIA,RE155,VIA MN2 QNM 03 CONJ. A CEILÂNDIA SENT. SUL/NORTE<,REDUTOR ELETRÔNICO DE VELOCIDADE,-15.822409922589538,-48.106654083037675
09,CEILANDIA,RE156,VIA MN2 QNM 02 CONJ. A CEILÂNDIA SENT. NORTE/SUL<,REDUTOR ELETRÔNICO DE VELOCIDADE,-15.821521615592767,-48.10738341204194
09,CEILANDIA,KR379,VIA NM3 ST. O QNN33 CEILÂNDIA - DF SENT. OESTE/LESTE<,CONTROLADOR ELETRÔNICO,-15.80321710534572,-48.12835928369325
09,CEILANDIA,KR380,VIA NM3 ST. O QNO 9 CEILÂNDIA - DF SENT. LESTE/OESTE<,CONTROLADOR ELETRÔNICO,-15.802327747038852,-48.1269939725383
09,CEILANDIA,FIS166,VIA N-3 QNN 34 CRUZAMENTO COM A ELMO SEREJO CEILÂNDIA - DF CRUZ. 512<,NÃO METROLÓGICO,-15.843884667138589,-48.10482633795882
09,CEILANDIA,RE163,VIA N3 EQNN 21/23 CEILÂNDIA SENTIDO SUL/NORTE<,REDUTOR ELETRÔNICO DE VELOCIDADE,-15.810652008761236,-48.12453901600321
09,CEILANDIA,RE164,VIA N3 QNN 31 UNIVERSIDADE IESB CEILÂNDIA SENTIDO NORTE/SUL<,REDUTOR ELETRÔNICO DE VELOCIDADE,-15.809629785643143,-48.125132494961626
10,GUARA,KR152,AV. CONTORNO GUARA II QE 24 PROXIMO A ESTACAO GUARA DO METRO SENT ANTI-HORARIO,CONTROLADOR ELETRÔNICO,-15.828332999998517,-47.98650800002372
10,GUARA,KR153,AV CONT GUARA II QE 30 PROXIMO A IGREJA ASSEMBLEIA DE DEUS SENT HORARIO,CONTROLADOR ELETRÔNICO,-15.845592999998537,-47.97977200002341
10,GUARA,KR156,AV CONTORNO QE 21 GUARA II ( SENT ANTI-HORARIO),CONTROLADOR ELETRÔNICO,-15.83568560199971,-47.96896440262367
10,GUARA,KR157,AV CONTORNO QE 19 GUARA II ( SENT HORARIO),CONTROLADOR ELETRÔNICO,-15.836154999998566,-47.973277000023145
10,GUARA,FIS142,AV. CONTORNO CRUZ GUARA I/II PROX. QE 13 SENT. ANTI-HORARIO - CRUZ 215,NÃO METROLÓGICO,-15.825237999998544,-47.97984800002343
10,GUARA,FIS143,VIA DE ACESSO GUARA I/II ALTURA DO METRO SENT. AV. CONTORNO - CRUZ 215,NÃO METROLÓGICO,-15.825473999998543,-47.98047500002346
10,GUARA,FIS157,GUARA I QE 20 PROX. ESCOLA CLASSE 05 SENT. METRO - CRUZ 378,NÃO METROLÓGICO,-15.823172707009936,-47.98108890655009
10,GUARA,FIS076,AV. CENTRAL GUARA I ALT. DA QE 07 SENT. SUL/NORTE - CRUZ 213,NÃO METROLÓGICO,-15.820216999998545,-47.98179400002352
10,GUARA,FIS077,AV. CENTRAL GUARA I ALT. DA QI 20SENT NORTE/SUL CRUZ 214,NÃO METROLÓGICO,-15.820230999998532,-47.98198400002353
10,GUARA,FIS031,AV. CENTRAL GUARA I ALT. QE 07 SENT. GUARA/EPTG - CRUZ 330,NÃO METROLÓGICO,-15.815508999998551,-47.97929700002343
10,GUARA,FIS030,AV. CENTRAL GUARA I ALT. QE 02 SENT. EPTG/GUARA - CRUZ 329,NÃO METROLÓGICO,-15.815289999998548,-47.979482000023424
10,GUARA,FIS062,VIA CONTORNO GUARA II ALT QE 32 SENT. HORARIO - CRUZ 216,NÃO METROLÓGICO,-15.84648299999855,-47.9748380000232
10,GUARA,FIS061,VIA CONTORNO GUARA II ALT. QE 38 - CRUZ 216,NÃO METROLÓGICO,-15.84673499999855,-47.9748850000232
10,GUARA,RE153,SRIA QE 38 GUARÁ II SENT. GUARÁ II</,REDUTOR ELETRÔNICO DE VELOCIDADE,-15.850530229010191,-47.97508262433554
10,GUARA,RE152,VIA BERNARDO SAYÃO SRIA QE 38/40 POLO DE MODA GUARÁ II SENT. NORTE/SUL</,REDUTOR ELETRÔNICO DE VELOCIDADE,-15.849494093593954,-47.97529211778055
10,GUARA,RE050,"VIA CONTORNO DO GUARA II QE 34 CONJ """"A"""" SENT. HORÁRIO<",REDUTOR ELETRÔNICO DE VELOCIDADE,-15.846053670079966,-47.971400767587845
10,GUARA,RE049,AV. CONTORNO GUARA II QE 38 AREA ESPECIAL SENT. ANTIHORARIO,REDUTOR ELETRÔNICO DE VELOCIDADE,-15.846358371617056,-47.97217319857828
10,GUARA,RE151,AV. CONTORNO QE 23/25 PROX. CAVE GUARÁ II SENT. ANTI-HORÁRIO </,REDUTOR ELETRÔNICO DE VELOCIDADE,-15.83012860189323,-47.97424688445227
10,GUARA,RE150,AV. CONTORNO QE 15 CONJ. E GUARÁ II SENT. HORÁRIO </,REDUTOR ELETRÔNICO DE VELOCIDADE,-15.831305640932408,-47.974608729338165
10,GUARA,FIS165,VIA CENTRAL QI 11 GUARÁ I - DF CRUZ. 377<,NÃO METROLÓGICO,-15.823561334686088,-47.98027649064634
11,CRUZEIRO,KR212,EPCB (AV. DAS JAQUEIRAS) PROX Q 1311 SENT. NORTE/SUL,CONTROLADOR ELETRÔNICO,-15.7897027368285,-47.93270412063638
11,CRUZEIRO,KR213,EPCB (AV. DAS JAQUEIRAS QRSW 1/2 PROX A IGREJA SAO PIO DE PIETRELCINA SENT SUL/NORTE,CONTROLADOR ELETRÔNICO,-15.79439999999869,-47.93339800002152
11,CRUZEIRO,FIS147,AV. DAS JAQUEIRAS ALTURA EQRSW 06/07 SENT. SUDOESTE/CRUZEIRO CRUZ. 375,NÃO METROLÓGICO,-15.785148999998698,-47.93080500002143
11,CRUZEIRO,FIS148,AV. DAS JAQUEIRAS ALT. DA Q 10 CRUZEIRO VELHO SENT SUDOESTE / CRUZEIRO CRUZ 376,NÃO METROLÓGICO,-15.783139999998708,-47.93038500002142
11,CRUZEIRO,RE118,VIA HCE 1 TERRAÇO SHOPPING SENT. OCTOGONAL/EPIA<,REDUTOR ELETRÔNICO DE VELOCIDADE,-15.803224999998669,-47.93961100002177
12,SAMAMBAIA,KR062,2ª AVENIDA SUL QR 302 PROXIMO AO FORUM DE SAMAMBAIA SENTIDO LESTE/OESTE<,CONTROLADOR ELETRÔNICO,-15.88209899999819,-48.08289200002819
12,SAMAMBAIA,KR063,2ª AV SUL QN 514 SENT OESTE/LESTE<,CONTROLADOR ELETRÔNICO,-15.877299999998257,-48.06605600002735
12,SAMAMBAIA,KR092,2¦ AV SUL QS 314 SAMAMBAIA SENT LESTE/OESTE<,CONTROLADOR ELETRÔNICO,-15.87700199999825,-48.06617400002736
12,SAMAMBAIA,KR093,2ª AV SUL QN 506 SAMAM SENT OESTE/LESTE<,CONTROLADOR ELETRÔNICO,-15.880616077415551,-48.07693740114791
12,SAMAMBAIA,KR108,1ª AV NORTE QS 412 SAMAMBAIA (SENT LESTE/OESTE)<,CONTROLADOR ELETRÔNICO,-15.86096899999823,-48.073905000027764
12,SAMAMBAIA,KR109,1ª AV NORTE QN 212 SAMAMBAIA (SENT OESTE/LESTE)<,CONTROLADOR ELETRÔNICO,-15.861316999998229,-48.073771000027754
12,SAMAMBAIA,KR114,1ª AV SUL QS 116 SAMAMBAIA (SENT LESTE/OESTE)<,CONTROLADOR ELETRÔNICO,-15.871419999998254,-48.066055000027355
12,SAMAMBAIA,KR115,1ª AV SUL QN 316 SAMAMBAIA (SENT OESTE/LESTE)<,CONTROLADOR ELETRÔNICO,-15.871737999998242,-48.06604400002736
12,SAMAMBAIA,KR123,2ª AVENIDA NORTE QN 412 PROX AO CONJ G SENT OESTE/LESTE<,CONTROLADOR ELETRÔNICO,-15.855520999998223,-48.0763710000279
12,SAMAMBAIA,KR268,AV LESTE SAMAMBAIA ALT VIAD METRO SENT NORTE/SUL,CONTROLADOR ELETRÔNICO,-15.865276350893343,-48.056645786390625
12,SAMAMBAIA,KR269,AV LESTE SAMAMBAIA ALT VIAD METRO SENT SUL/NORTE,CONTROLADOR ELETRÔNICO,-15.868334650815926,-48.055722707863374
12,SAMAMBAIA,RE144,VIA T-1 / AV. CENTRAL QD. 301 PROX. A ADMINISTRAÇÃO SAMAMBAIA SENT. SUL/NORTE </,REDUTOR ELETRÔNICO DE VELOCIDADE,-15.880965030301844,-48.0866736134808
12,SAMAMBAIA,RE145,CENTRO URBANO ALT. QD. 301 EM FRENTE A ADMINISTRAÇÃO SENT. SUL - SAMAMBAIA</,REDUTOR ELETRÔNICO DE VELOCIDADE,-15.880088210098343,-48.08731212984443
12,SAMAMBAIA,RE034,1ª AVENIDA SUL QN 308 CONJ 04 SENT. OESTE/LESTE SAMAMBAIA<,REDUTOR ELETRÔNICO DE VELOCIDADE,-15.874705046982546,-48.0757526575669
12,SAMAMBAIA,RE033,1º AVENIDA SUL QS110 CONJ 08 SENT. LESTE/OESTE SAMAMBAIA<,REDUTOR ELETRÔNICO DE VELOCIDADE,-15.874099838367826,-48.074838824104354
12,SAMAMBAIA,RE036,1ª AVENIDA SUL QN 320 CONJ 01 SAMAMBAIA SENT. OESTE/LESTE<,REDUTOR ELETRÔNICO DE VELOCIDADE,-15.87055337197843,-48.06214875299447
12,SAMAMBAIA,RE035,1ª AVENIDA SUL QS120/122 SAMAMBAIA SENT. LESTE/OESTE<,REDUTOR ELETRÔNICO DE VELOCIDADE,-15.870510858272457,-48.06008996140733
12,SAMAMBAIA,RE032,1ª AV. NORTE QN 208 CONJ D SENTIDO OESTE/LESTE - SAMAMBAIA<,REDUTOR ELETRÔNICO DE VELOCIDADE,-15.864278059264285,-48.07957892059435
12,SAMAMBAIA,RE031,1ª AV. NORTE ALT. QS 410/408 SENTIDO LESTE/OESTE -SAMAMBAIA<,REDUTOR ELETRÔNICO DE VELOCIDADE,-15.862886646960247,-48.07807467661074
12,SAMAMBAIA,RE147,2ª AV. NORTE QN 404 CONJ. D SAMAMBAIA SENT. OESTE / LESTE <,REDUTOR ELETRÔNICO DE VELOCIDADE,-15.862621328528654,-48.087963736927016
12,SAMAMBAIA,RE146,2ª AV. NORTE QS 604 PROX. EC 604 SAMAMBAIA SENT. LESTE/OESTE <,REDUTOR ELETRÔNICO DE VELOCIDADE,-15.861906634449205,-48.087545047432634
12,SAMAMBAIA,RE029,2ª AV. NORTE QN 410 CONJ J SENTIDO OESTE/LESTE - SAMAMBAIA<,REDUTOR ELETRÔNICO DE VELOCIDADE,-15.857479637789963,-48.080641215071665
12,SAMAMBAIA,RE030,2ª AVENIDA NORTE QS 610 SENT. LESTE/OESTE - SAMAMBAIA<,REDUTOR ELETRÔNICO DE VELOCIDADE,-15.856492176507343,-48.07941209696549
12,SAMAMBAIA,RE114,2ª AVENIDA NORTE QR 412/414 SENT. OESTE/LESTE - SAMAMBAIA<,REDUTOR ELETRÔNICO DE VELOCIDADE,-15.854750142818029,-48.0747294023453
12,SAMAMBAIA,RE113,2ª AVENIDA NORTE QR 614 PRÓX. AO HRSAM SENT. LESTE/OESTE SAMAMBAIA </,REDUTOR ELETRÔNICO DE VELOCIDADE,-15.853947999998235,-48.073859000027774
13,SANTA MARIA,KR104,AV ALAGADOS CL 107 SANTA MARIA (SENT NORTE/SUL),CONTROLADOR ELETRÔNICO,-16.0229908624571,-48.02713196621125
13,SANTA MARIA,KR105,AV ALAGADOS QR 207 SANTA MARIA (SENT SUL/NORTE),CONTROLADOR ELETRÔNICO,-16.023733688799673,-48.02799711955023
13,SANTA MARIA,RE117,AV. SANTA MARIA CL 312 LT E SANTA MARIA SENT. LESTE/OESTE,REDUTOR ELETRÔNICO DE VELOCIDADE,-16.015154234637738,-48.005120518919384
13,SANTA MARIA,RE116,AV. SANTA MARIA QC 03 CL 410 PROX. VILA OLÍMPICA SANTA MARIA SENT. OESTE/LESTE<,REDUTOR ELETRÔNICO DE VELOCIDADE,-16.01458199800177,-48.00598136565338
13,SANTA MARIA,RE087,AV. ALAGADOS QC 1 CONJ D PRÓX ADMINISTRAÇÃO SANTA MARIA SENT. OESTE/LESTE</D,REDUTOR ELETRÔNICO DE VELOCIDADE,-16.016709999998355,-48.01725400002489
13,SANTA MARIA,RE086,AV ALAGADOS QC 1 ALT DF-483 SANTA MARIA SENTIDO LESTE/OESTE,REDUTOR ELETRÔNICO DE VELOCIDADE,-16.01547399999835,-48.01661100002486
13,SANTA MARIA,RE089,AV. ALAGADOS CL 214 SANTA MARIA SENT OESTE/LESTE,REDUTOR ELETRÔNICO DE VELOCIDADE,-16.006102254578234,-47.9992713431854
13,SANTA MARIA,RE088,AV. ALAGADOS ALTURA CL 115 SENTIDO LESTE/OESTE SANTA MARIA,REDUTOR ELETRÔNICO DE VELOCIDADE,-16.005628309172113,-47.99815812967611
13,SANTA MARIA,RE158,AV. ALAGADOS CL 202 PROX. HOSPITAL REGIONAL DE SANTA MARIA SENT. SUL/NORTE,REDUTOR ELETRÔNICO DE VELOCIDADE,-16.04063767727077,-48.03410374115924
14,SAO SEBASTIAO,KR264,AV SAO SEBASTIAO ALT Q 11 CONJ A SENT LESTE/OESTE,CONTROLADOR ELETRÔNICO,-15.89700388585348,-47.785194368771904
14,SAO SEBASTIAO,KR265,AV SAO SEBASTIAO ALT Q 11 CONJ A SENT OESTE/LESTE,CONTROLADOR ELETRÔNICO,-15.897253439649088,-47.78601651381301
14,SAO SEBASTIAO,KR321,AV EUCALIPTOS ALTURA QD 01 PROX A VILA OLIMPICA - SAO SEBASTIAO SENT NORTE/SUL,CONTROLADOR ELETRÔNICO,-15.891728613930859,-47.78271046053376
14,SAO SEBASTIAO,KR322,AV EUCALIPTOS ALT QD 01 PROX. A VILA OLIMPICA - SAO SEBASTIAO SENT SUL/NORTE,CONTROLADOR ELETRÔNICO,-15.892183999999025,-47.78310100001607
14,SAO SEBASTIAO,KR368,AV. MANGUEIRAL A 120 METROS DA ENTRADA DA VIA SENT. SAO SEBASTIAO,CONTROLADOR ELETRÔNICO,-15.888379078960982,-47.820284618472705
14,SAO SEBASTIAO,RE080,AV. SÃO SEBASTIÃO QD 102 CONJ 04 SÃO SEBASTIÃO SENT. LESTE/OESTE</De,REDUTOR ELETRÔNICO DE VELOCIDADE,-15.901122332843899,-47.77844827073717
14,SAO SEBASTIAO,RE081,AV. SÃO SEBASTIÃO QD 203 CONJ. 01 SÃO SEBASTIÃO SENT. OESTE/LESTE </De,REDUTOR ELETRÔNICO DE VELOCIDADE,-15.90019074384897,-47.7798832600965
14,SAO SEBASTIAO,RE082,AV. COMERCIAL ALT. LOTE 1401 PROX. AO BANCO DO BRASIL SENT. NORTE/SUL - SÃO SEBASTIÃO</,REDUTOR ELETRÔNICO DE VELOCIDADE,-15.896200744818122,-47.776266755343
15,RECANTO DAS EMAS,KR270,AV RECANTO DAS EMAS Q 104 AO LADO CASTELO FORTE (SENT. LESTE/OESTE),CONTROLADOR ELETRÔNICO,-15.9037641724899,-48.06972369337559
15,RECANTO DAS EMAS,KR271,AV RECANTO DAS EMAS Q 206 AO LADO CASTELO FORTE (SENT OESTE/LESTE),CONTROLADOR ELETRÔNICO,-15.903917399638168,-48.069893196517974
15,RECANTO DAS EMAS,RE040,AV. RECANTO DAS EMAS Q 106 SENT. LESTE/OESTE - RECANTO DAS EMAS,REDUTOR ELETRÔNICO DE VELOCIDADE,-15.906292355662739,-48.08110799504628
15,RECANTO DAS EMAS,RE039,AV. RECANTO DAS EMAS Q 300 SENT. EPCT - RECANTO DAS EMAS,REDUTOR ELETRÔNICO DE VELOCIDADE,-15.906814848332745,-48.08211585383016
15,RECANTO DAS EMAS,RE042,AV. RECANTO DAS EMAS ALT. Q 201 LOTE 17 SENTIDO OESTE/LESTE - RECANTO DAS EMAS,REDUTOR ELETRÔNICO DE VELOCIDADE,-15.902300999998259,-48.05921700002698
15,RECANTO DAS EMAS,RE041,AV. RECANTO DAS EMAS Q 101 LOTE 17 SENT. LESTE/OESTE - RECANTO DAS EMAS,REDUTOR ELETRÔNICO DE VELOCIDADE,-15.901851973350833,-48.058285536691095
16,LAGO SUL,KR052,VIA DOM ORIONE QI 15 PROX ENTRADA DAS CHAC DE 07 A 12 LAGO SUL SENT D.ORIONE/AEROPORTO,CONTROLADOR ELETRÔNICO,-15.85260470617066,-47.879739004482204
16,LAGO SUL,KR053,VIA DOM ORIONE QI 15 PROX ENTR DAS CHAC DE 07 A 12 LAGO SUL SENT AEROPORTO/DOM ORIONE,CONTROLADOR ELETRÔNICO,-15.852642999998807,-47.8797640000194
16,LAGO SUL,KR225,VIA JK ENTRADA DA PONTE JK (SENT LAGO SUL/PLANO PILOTO),CONTROLADOR ELETRÔNICO,-15.829287541732588,-47.82698408054568
16,LAGO SUL,KR232,SHIS QI 03 FRENTE A VILA NPV LAGO SULSENTIDO DF-025(EPDB)/QI 15,CONTROLADOR ELETRÔNICO,-15.856328999998722,-47.91052900002055
16,LAGO SUL,KR233,SHIS QI 03 FRENTE A VILA NPV LAGO SULSENTIDO QI 15/DF-025(EPDB),CONTROLADOR ELETRÔNICO,-15.856204999998734,-47.91049000002056
16,LAGO SUL,KR272,VIA JK SAIDA DA PONTE SENTIDO LAGO SUL,CONTROLADOR ELETRÔNICO,-15.830110129927991,-47.82676447428975
16,LAGO SUL,KR285,SHIS QI 01 PROX AO CONJUNTO 01 SENT EPDB/VI COMAR,CONTROLADOR ELETRÔNICO,-15.85869099999871,-47.91886700002088
16,LAGO SUL,KR306,SHIS QI 03 PROX AO CONJUNTO 01 SENT VI COMAR/EPDB,CONTROLADOR ELETRÔNICO,-15.858849999998705,-47.91859000002088
16,LAGO SUL,FIS021,SHIS QI 05 LAGO SUL/ALT. CHAC 92 SENT Q1 05/QI 07 - CRUZ 135,NÃO METROLÓGICO,-15.847661999998786,-47.89006000001979
16,LAGO SUL,RE121,VIA DE LIGACAO PONTE DAS GARÇAS SENT LAGO SUL/ PLANO PILOTO<,REDUTOR ELETRÔNICO DE VELOCIDADE,-15.841418999998764,-47.89766100002008
16,LAGO SUL,RE123,VIA DE LIG EPDB / PONTE COSTA E SILVA SENT LAGO SUL/ P. PILOTO,REDUTOR ELETRÔNICO DE VELOCIDADE,-15.826431708392104,-47.87457111594121
16,LAGO SUL,RE134,VIA JK PROX. A PONTE JK SENT. LAGO SUL / PLANO PILOTO,REDUTOR ELETRÔNICO DE VELOCIDADE,-15.831464999998943,-47.8256490000175
20,AGUAS CLARAS,KR015,AV DAS ARAUCARIAS PROX AO CRUZAMENTO COM RUA 35 SENT OESTE/LESTE,CONTROLADOR ELETRÔNICO,-15.837242999998365,-48.03873400002609
20,AGUAS CLARAS,KR319,AV. CASTANHEIRAS RUA 18 NORTE PRàX. AO POSTO DE GASOLINA SENT. TAGUATINGA<,CONTROLADOR ELETRÔNICO,-15.837788999998406,-48.02357300002538
20,AGUAS CLARAS,FIS146,AV. ARAUVARIAS COM PITANGUEIRAS AGUAS CLARAS SENT. PLANO PILOTO - CRUZ 458,NÃO METROLÓGICO,-15.837965999998431,-48.01592500002503
20,AGUAS CLARAS,FIS145,AV. CASTANHEIRAS COM PITANGUEIRAS AGUAS CLARAS SENT. TAGUATINGA - CRUZ 435,NÃO METROLÓGICO,-15.834952999998425,-48.01698900002508
20,AGUAS CLARAS,FIS162,AV. ARAUCÁRIAS CRUZAMENTO COM PAU BRASIL ÁGUAS CLARAS SENT. OESTE/LESTE - CZ 422</,NÃO METROLÓGICO,-15.841615083998798,-48.02785743226722
20,AGUAS CLARAS,FIS163,AV. CASTANHEIRAS CRUZ. COM RUA 36 NORTE ÁGUAS CLARAS SENT. LESTE/OESTE - CRUZ. 516<,NÃO METROLÓGICO,-15.834387759785553,-48.03684861497823
20,AGUAS CLARAS,FIS164,"AV. DAS ARAUCÁRIAS COM AV. SIBIPIRUNA, PRÓX. FEIRA DE ÁGUAS CLARAS - DF CRUZ. 457</D",NÃO METROLÓGICO,-15.841512096130385,-48.03184244478627
22,SUDOESTE/OCTOGONAL,KR094,VIA HCE FRENTE AOS 01 (SENT OCT/EPIG),CONTROLADOR ELETRÔNICO,-15.807133999998676,-47.937207000021665
22,SUDOESTE/OCTOGONAL,KR275,1ª AVENIDA SUDOESTE QMSW 05 LT. 02 PROX. BL. C SENT. NORTE/SUL<,CONTROLADOR ELETRÔNICO,-15.794993782179851,-47.917382996499526
22,SUDOESTE/OCTOGONAL,FIS116,VIA S1 ALT. DA CATEDRAL RAINHA DA PAZ SENT. RODOF/ESPLANADA - CRUZ 394,NÃO METROLÓGICO,-15.781320074918275,-47.925172297523936
22,SUDOESTE/OCTOGONAL,FIS115,VIA S1 ALT. DA CATEDRAL RAINHA DA PAZ SENT. RODOF/ESPLANADA - CRUZ 394,NÃO METROLÓGICO,-15.78153277571238,-47.92524822842095
22,SUDOESTE/OCTOGONAL,FIS118,VIA S1 EIXO MONUM. ALT. ACESSO A 1 AV. SUDOESTE SENT. RODF/ESPLANADA - CRUZ 362,NÃO METROLÓGICO,-15.784874404227885,-47.91393945567309
22,SUDOESTE/OCTOGONAL,RE048,VIA AO1 AOS 4/5 SENT. HORARIO - OCTOGONAL,REDUTOR ELETRÔNICO DE VELOCIDADE,-15.81019997935614,-47.9425418003905
22,SUDOESTE/OCTOGONAL,RE047,VIA AO1 AOS 4/5 ALT BLOCO C SENT. ANTI HORARIO - OCTOGONAL,REDUTOR ELETRÔNICO DE VELOCIDADE,-15.810212826408218,-47.94337223397918
22,SUDOESTE/OCTOGONAL,RE119,VIA HCE 1 TERRAÇO SHOPPING SENT. OCTOGONAL/ EPIG<,REDUTOR ELETRÔNICO DE VELOCIDADE,-15.80194225212261,-47.94112318289687
22,SUDOESTE/OCTOGONAL,KR381,SQSW 105 PROX. COND. EDIFICIO VIA ROMA SUDOESTE - DF,CONTROLADOR ELETRÔNICO,-15.805167826127946,-47.92978303471914
25,SCIA,KR323,AVENIDA CENTRAL PROX A ESCOLA CLASSE 02 CIDADE ESTRUTURAL SENTIDO LESTE/OESTE,CONTROLADOR ELETRÔNICO,-15.783575999998508,-47.99782800002426
26,SOBRADINHO II,KR277,AV CONDOMINIO JARDIM AMERICA ALT CHACARA 02 - SOBRADINHO SENT DF150,CONTROLADOR ELETRÔNICO,-15.662895057553783,-47.829592468320115
26,SOBRADINHO II,KR278,AV CONDOMINIO JARDIM AMERICA ALT CHACARA 02 – SOBRADINHO SENT BR 020</,CONTROLADOR ELETRÔNICO,-15.662941372299914,-47.82964659713079
27,JARDIM BOTANICO,RE149,AV. MANGUEIRAL ALT. QC 14 JARDIM BOTANICO SENT. OESTE/LESTE,REDUTOR ELETRÔNICO DE VELOCIDADE,-15.896206410218918,-47.79748444867714
27,JARDIM BOTANICO,RE148,AV. MANGUEIRAL ALT. QC 10 JARDIM BOTANICO SENT. OESTE/LESTE,REDUTOR ELETRÔNICO DE VELOCIDADE,-15.894631793554662,-47.800415318942456
27,JARDIM BOTANICO,RE161,AV. DO SOL PROX RUA 101 COND. QUINTAS DO SOL JARDIM BOTÂNICO SENT. SUL/NORTE<,REDUTOR ELETRÔNICO DE VELOCIDADE,-15.879425933795023,-47.80497109833112